COMID,Region,BFS_All,BFS_West,BFS_East,HUC8,ElevCat,ClayCat,SandCat,RckDepCat,Divergence,Slope,Confinement,TotDASqKM
15760024,East,1,0,1,3180002,110.206,21.4067,41.8269,152.4,0,0.01672897,1,2.727
15760792,East,1,0,1,3180002,84.8845,16.4268,46.8997,152.4,0,0.01543478,1,1.3383
15760904,East,1,0,1,3180002,83.5265,21.7172,33.0295,152.4,0,0.00491513,1,10.2987
15759804,East,1,0,1,3180002,89.2073,22.6925,37.8156,152.4,0,0.00406438,1,87.6285
15760642,East,1,0,1,3180002,87.4486,19.92,32.4692,152.4,0,0.00331721,1,9.2871
15737183,East,1,0,1,3180003,65.8436,22.1325,31.2078,152.4,0,0.00198847,1,114.6681
15748162,East,1,0,1,3180002,105.1341,20.5985,32.9805,152.4,0,0.00176076,1,11.2716
15735965,East,1,0,1,3180003,117.6218,20.51,29.03,152.4,0,0.00163439,1,36.3897
15760804,East,1,0,1,3180002,77.5405,17.3372,42.4513,152.4,0,0.00159435,3,62.9982
15737603,East,1,0,1,3180003,52.6345,20.4395,36.6769,152.4,0,0.00155725,1,13494.4101
15752942,East,1,0,1,3180002,99.0744,22.3004,44.7895,152.4,0,0.00153745,1,47.5974
15736045,East,1,0,1,3180003,76.3968,23.9032,24.2708,152.4,0,0.00142959,2,197.1072
15735961,East,1,0,1,3180003,109.7895,20.51,29.0302,152.4,0,0.00135815,1,44.5275
15760014,East,1,0,1,3180002,85.7715,20.6081,41.0741,152.4,0,0.00135308,2,1452.3705
933180304,East,1,0,1,3180003,66.7659,24.7604,25.1321,152.4,0,0.00107746,1,268.7967
15737459,East,1,0,1,3180003,57.6868,15.62,51.2519,152.4,0,0.00098224,1,11926.0764
15737501,East,1,0,1,3180003,59.7949,19.5844,40.1845,152.4,0,0.0004666,1,12404.8359
15760064,East,1,0,1,3180002,80.1997,20.3875,41.3912,152.4,0,0.00027573,2,1537.4916
15735941,East,1,0,1,3180003,99.6157,17.56,17.6665,152.4,0,0.00021355,1,123.7689
15759790,East,1,0,1,3180002,92.6861,26.3024,33.3922,152.4,0,0.00014755,3,1013.9382
15739663,East,1,0,1,3180003,55.7929,21.7476,32.4776,152.4,0,0.00012784,1,13586.9121
15737507,East,1,0,1,3180003,59.4922,15.7017,49.6321,152.4,0,0.00004757,1,12425.0787
15737615,East,1,0,1,3180003,54.313,18.4811,42.2337,152.4,0,0.00004278,1,13508.6022
15739657,East,1,0,1,3180003,66.4195,20.4406,37.28,152.4,0,0.00001,1,13573.917
15760720,East,1,0,1,3180002,83.9675,23.7417,31.0105,152.4,0,0.00001,1,9449.3385
15737531,East,1,0,1,3180003,60.6758,29.2372,27.6862,152.4,0,0.00001,2,12848.6061
15737521,East,1,0,1,3180003,60.7622,17.5966,44.4017,152.4,0,0.00001,1,12785.0859
15737533,East,1,0,1,3180003,54.9919,15.62,46.6672,152.4,0,0.00001,2,12857.8329
15737481,East,1,0,1,3180003,59.2621,24.37,26.3066,152.4,0,0.00001,1,12388.0455
15737457,East,1,0,1,3180003,60.2231,17.7541,46.3595,152.4,0,0.00001,1,11920.1661
17992736,East,1,0,1,8030206,84.3422,18.86,6.8039,152.4,0,0.0017006,1,26.5851
17992728,East,1,0,1,8030206,81.2319,16.2767,10.1806,152.4,0,0.00182332,1,31.9527
17992716,East,1,0,1,8030206,86.3767,17.4438,8.9699,152.4,0,0.00206194,1,19.8954
17992684,East,1,0,1,8030206,71.8355,10.6805,18.5706,152.4,0,0.00367726,1,8.7273
17992318,East,1,0,1,8030206,93.5685,18.86,6.79,152.4,0,0.00191099,1,10.5192
17992424,East,1,0,1,8030206,93.7894,13.6667,23.7247,152.4,0,0.00322132,1,26.2809
17992154,East,1,0,1,8030206,76.3939,16.14,26.7453,152.4,0,0.00052863,1,113.8104
18015442,East,1,0,1,8030205,94.2185,29.112,16.2738,152.0782,0,0.0024581,1,19.4391
18015480,East,1,0,1,8030205,89.4335,20.4185,30.8467,152.329,0,0.0020771,1,28.8657
18016170,East,1,0,1,8030205,74.752,30.22,23.0033,150.87,0,0.00491329,1,9.639
18013520,East,1,0,1,8030205,92.4023,20.4518,19.4339,152.4,0,0.00132748,1,78.8832
18015076,East,1,0,1,8030205,89.4142,19.8347,31.695,152.4,0,0.000054,1,23.418
18015252,East,1,0,1,-9999,78.0528,32.2,15.2868,152.4,0,0.01313725,2,-9999
18018076,East,1,0,1,-9999,71.4589,18.896,15.6224,152.4,0,0.00087329,3,-9999
18017814,East,1,0,1,8030205,73.1363,24.7433,28.5673,152.4,0,0.00028293,3,240.237
18017812,East,1,0,1,8030205,78.2099,24.9311,29.0252,152.4,0,0.00357394,1,16.6644
18017738,East,1,0,1,8030205,64.4745,14.37,6.8429,152.4,7,0.00001,3,485.5959
18017752,East,1,0,1,8030205,74.7591,25.4874,30.6103,152.4,0,0.00288504,1,18.4284
18018466,East,1,0,1,8030205,89.1528,20.4802,20.4388,152.4,0,0.00442992,1,24.9183
18018414,East,1,0,1,8030205,98.2278,23.6562,26.0708,152.4,0,0.00454595,1,5.7879
18018448,East,1,0,1,8030205,102.7768,25.4592,30.5752,152.4,0,0.00367064,1,12.0816
18018452,East,1,0,1,8030205,85.5643,19.543,16.1061,152.4,0,0.00356698,1,17.0424
18018544,East,1,0,1,8030205,79.2238,15.0785,9.7851,152.4,7,0.00217803,1,38.6802
18018148,East,1,0,1,8030205,84.0286,19.3685,15.9915,152.4,7,0.00139626,1,94.6161
18016812,East,1,0,1,8030205,58.6371,15.7754,7.2566,152.4,0,0.00149327,1,4337.693
18016786,East,1,0,1,-9999,57.7482,16.4349,7.3987,152.4,0,0.00001,2,-9999
18017434,East,1,0,1,8030205,84.758,18.86,6.79,152.4,0,0.00116972,1,12.1635
18017266,East,1,0,1,8030205,76.6016,17.2277,9.4229,152.4,0,0.00091666,2,51.327
17996878,East,1,0,1,8030206,83.2375,13.4769,15.3002,152.4,0,0.01105229,1,1.1889
17997252,East,1,0,1,8030206,72.9519,14.5064,11.5369,152.4,0,0.00143589,1,38.6622
17997324,East,1,0,1,8030206,70.8039,16.364,8.0815,152.4,0,0.00283703,1,15.2469
17996450,East,1,0,1,8030206,88.5713,15.12,12.5286,152.4,0,0.00353828,1,12.5208
17996458,East,1,0,1,8030206,61.6438,12.9643,15.1555,152.4,0,0.00134682,2,232.2288
17996358,East,1,0,1,8030206,89.1314,14.5033,13.1105,152.4,0,0.00394424,1,23.2506
17996336,East,1,0,1,8030206,81.3141,16.2466,11.0876,152.4,0,0.00079188,1,33.4629
17996466,East,1,0,1,8030206,73.5323,13.7295,12.9732,152.4,0,0.00287179,1,37.1448
17996224,East,1,0,1,8030206,86.5492,15.9212,12.3604,152.4,0,0.00269503,1,103.959
18000648,East,1,0,1,8030206,54.5286,17.08,6.05,152.4,0,0.00370485,1,27.4005
18044750,East,1,0,1,8030202,71.3396,14.2842,10.294,152.4,0,0.00445263,1,8.6085
18044710,East,1,0,1,8030202,68.2098,15.0494,10.004,152.4,0,0.00001,3,79.4025
18044458,East,1,0,1,8030202,100.3357,18.66,8.47,152.4,0,0.00661639,1,7.0884
18045704,East,1,0,1,8030202,81.3356,14.15,10.3433,152.4,0,0.00001,1,45.135
18045656,East,1,0,1,8030202,68.7775,17.4681,9.0276,152.4,0,0.00001,3,139.3866
18045036,East,1,0,1,8030202,71.6247,17.251,9.1281,152.4,0,0.00125224,1,25.8489
18044940,East,1,0,1,8030202,84.4971,17.6007,8.9542,152.4,0,0.00409227,1,9.8055
18021046,East,1,0,1,-9999,48.5962,19.8244,8.255,152.4,7,0.00101157,1,-9999
18021470,East,1,0,1,8030205,86.0997,17.2504,9.1313,152.4,0,0.00322493,1,13.4154
18019030,East,1,0,1,-9999,90.9118,18.0086,14.5048,152.4,0,0.00148924,3,-9999
18019080,East,1,0,1,-9999,70.6861,16.9471,13.7294,152.4,0,0.00149038,3,-9999
18018696,East,1,0,1,8030205,83.3047,18.86,6.79,152.4,0,0.00522388,1,10.6668
18018704,East,1,0,1,8030205,89.0961,18.86,6.79,152.4,0,0.00377655,1,6.5385
18018714,East,1,0,1,8030205,98.7857,16.4661,18.078,152.4,0,0.01252359,1,1.3059
18019556,East,1,0,1,8030205,70.6869,14.9728,6.7987,152.4,7,0.00170973,1,42.9039
18019416,East,1,0,1,8030205,51.4839,14.7367,6.4446,152.4,0,0.00070819,1,66.4677
18019436,East,1,0,1,8030205,70.9247,20.3379,8.0071,152.4,0,0.00138246,1,43.1118
18042206,East,1,0,1,8030202,105.4719,19.0344,9.4689,152.4,0,0.00327216,1,6.9111
18042204,East,1,0,1,8030202,84.4223,18.2075,9.7592,152.4,0,0.00121356,1,47.6604
18042376,East,1,0,1,8030202,88.5754,16.3051,8.8521,152.4,0,0.0040586,1,11.871
18042296,East,1,0,1,8030202,87.338,17.5798,7.6638,152.4,0,0.00044045,1,53.8722
19105585,East,1,0,1,8060206,45.3953,23.3875,22.6435,152.4,0,0.00112373,1,41.8806
19105637,East,1,0,1,8060206,80.8247,20.1472,19.453,152.4,0,0.00187746,1,69.3324
19105479,East,1,0,1,8060206,82.2041,23.5947,21.9119,152.4,0,0.0069708,3,55.233
19105519,East,1,0,1,-9999,21.0543,47.6593,5.5604,152.4,0,0.00001,1,-9999
19107762,East,1,0,1,8060205,117.2201,15.4,15.7558,152.4,0,0.00127101,1,99.6417
19107740,East,1,0,1,8060205,133.6683,20.51,29.0012,152.4,0,0.00260355,1,14.3028
19105313,East,1,0,1,8060206,71.5003,23.7485,23.0788,152.4,0,0.00205234,1,37.2375
19105219,East,1,0,1,8060206,79.3816,18.7147,17.4586,152.4,0,0.00277209,1,83.0844
19105213,East,1,0,1,8060206,63.9008,22.8307,22.0302,152.4,0,0.0021096,1,23.868
19105459,East,1,0,1,8060206,85.9674,18.0945,17.7624,152.4,0,0.001048,3,47.3157
19105439,East,1,0,1,8060206,87.9183,23.848,23.197,152.4,0,0.00410267,1,14.4162
19105393,East,1,0,1,-9999,72.3063,24.0442,22.7296,152.4,0,0.00107382,1,-9999
19105379,East,1,0,1,8060206,73.9927,19.8528,18.7349,152.4,0,0.0018736,1,105.0831
19105369,East,1,0,1,8060206,86.0997,24.06,23.55,152.4,0,0.00142964,1,16.9209
19105399,East,1,0,1,8060206,89.0786,24.06,23.55,152.4,0,0.00168211,1,19.3743
19107900,East,1,0,1,8060205,130.6496,20.4127,30.1355,152.4,0,0.00177917,1,23.2029
19107904,East,1,0,1,8060205,96.6517,20.41,26.3962,152.4,0,0.01004524,2,222.1236
19107896,East,1,0,1,8060205,97.0048,20.3137,25.1089,152.4,0,0.00001,3,217.8072
19105189,East,1,0,1,8060206,92.3331,21.4135,20.4421,152.4,0,0.003,1,64.8
19053722,East,1,0,1,8070201,25.0939,15.5175,23.6029,152.0229,0,0.0005909,1,646.0578
19053720,East,1,0,1,8070201,22.6443,12.1058,34.2954,152.2105,0,0.00001,1,647.9649
19053314,East,1,0,1,8070201,18.6259,10.6857,35.9171,152.4,0,0.00197437,1,23.8626
19053610,East,1,0,1,8070201,29.5535,14.1491,27.6676,152.312,0,0.00056055,1,584.6319
19053586,East,1,0,1,-9999,47.459,17.4784,28.791,152.4,0,0.00141484,3,-9999
19104987,East,1,0,1,-9999,35.35,20.3175,18.8465,152.4,0,0.00124791,1,-9999
19105027,East,1,0,1,8060206,104.5431,24.06,23.55,152.4,0,0.00299134,1,18.9702
19104933,East,1,0,1,8060206,53.3955,24.06,23.3965,152.4,0,0.00553217,1,11.4786
19104945,East,1,0,1,8060206,38.9525,16.2059,15.2201,152.4,0,0.00001,1,360.7551
19104931,East,1,0,1,8060206,55.5717,24.06,23.55,152.4,0,0.00469428,1,12.2634
19104943,East,1,0,1,8060206,45.9483,21.5023,20.0018,152.4,0,0.00059143,1,369.2502
19105181,East,1,0,1,8060206,67.3518,24.06,21.4959,152.4,0,0.00131578,1,75.0141
19105079,East,1,0,1,8060206,49.002,24.06,23.55,152.4,0,0.00204661,1,44.8263
19104913,East,1,0,1,-9999,50.1824,21.0957,19.9196,152.4,0,0.000332,1,-9999
19104871,East,1,0,1,8060206,30.755,12.7752,10.1352,152.4,0,0.00001,1,532.9044
19110856,East,1,0,1,-9999,45.2693,15.4,16.8228,152.4,0,0.00243027,1,-9999
19110636,East,1,0,1,8060205,73.5866,17.8812,24.4801,152.4,0,0.00001,1,118.1844
19110658,East,1,0,1,8060205,60.1799,17.2821,17.8227,152.4,0,0.0015981,1,80.5041
19110654,East,1,0,1,8060205,59.8291,19.207,19.2883,152.4,0,0.00148936,1,87.9723
19110582,East,1,0,1,8060205,59.0061,23.8839,21.5971,152.4,0,0.00274967,1,19.6506
19110808,East,1,0,1,8060205,86.1799,21.8765,35.3648,152.4,0,0.00126738,1,404.217
19110688,East,1,0,1,8060205,62.9558,16.2518,16.2282,152.4,0,0.00104525,1,1066.956
19112194,East,1,0,1,-9999,33.9402,16.2792,7.3487,152.4,0,0.00194955,1,-9999
19112380,East,1,0,1,8060205,60.9195,21.6159,21.0983,152.4,0,0.01034435,1,1.5147
19112082,East,1,0,1,8060205,47.2909,19.0675,10.9686,152.4,0,0.00162852,2,45.882
19108588,East,1,0,1,8060205,121.5029,20.4275,28.7607,152.4,0,0.00859456,1,5.9715
19108564,East,1,0,1,8060205,94.3546,19.5729,15.4597,152.4,0,0.0057536,1,22.0671
19108560,East,1,0,1,-9999,108.7631,18.4751,22.3067,152.4,0,0.00290647,2,-9999
19110514,East,1,0,1,8060205,60.7981,23.3252,22.528,152.4,0,0.00076212,1,103.8393
19110436,East,1,0,1,-9999,61.0683,22.1826,21.7868,152.4,0,0.00128988,1,-9999
19110208,East,1,0,1,8060205,118.2737,20.0888,28.8352,152.4,0,0.00952746,1,2.5686
19110244,East,1,0,1,-9999,101.8886,20.0566,28.8492,152.4,0,0.00279026,1,-9999
19052514,East,1,0,1,8070201,76.5632,19.5566,11.1728,152.4,0,0.00340929,1,9.4275
19052620,East,1,0,1,8070201,67.816,19.56,6.0383,152.4,0,0.00177456,1,51.6312
19052644,East,1,0,1,8070201,70.6931,13.8613,34.5445,152.4,0,0.00110535,1,71.7363
19051862,East,1,0,1,8070201,68.7196,22.14,34.61,152.4,0,0.00298989,1,45.5427
19053148,East,1,0,1,-9999,33.6505,15.4769,28.1248,152.4,0,0.001148,2,-9999
19053012,East,1,0,1,8070201,55.395,20.1171,26.8768,152.4,0,0.00292912,1,35.7498
19053270,East,1,0,1,8070201,46.561,19.4017,11.1205,152.3585,0,0.00331514,1,14.4423
19053262,East,1,0,1,8070201,49.1504,17.8742,15.9057,152.4,0,0.00992506,2,1.7046
19053182,East,1,0,1,8070201,37.0729,10.62,38.9092,152.4,0,0.00251723,1,27.4122
19052760,East,1,0,1,8070201,50.3254,22.14,35.8902,152.4,0,0.00311594,1,82.3689
19053004,East,1,0,1,8070201,59.7654,20.5269,28.3193,152.4,0,0.00247796,1,29.3427
19052988,East,1,0,1,8070201,44.2568,19.4674,30.3015,152.4,0,0.00200601,1,200.6118
19052900,East,1,0,1,8070201,57.4775,17.3683,20.9608,152.4,0,0.00200582,1,95.2263
19053288,East,1,0,1,8070201,34.0562,11.0561,37.5071,152.3418,0,0.00293789,1,19.9242
19146595,East,1,0,1,8060203,47.2696,17.34,12.3334,152.4,0,0.00105263,3,970.1145
19143129,East,1,0,1,-9999,36.2757,16.261,7.2729,152.4,0,0.00001,1,-9999
19177592,East,1,0,1,8060202,73.9812,19.1429,22.6908,152.4,0,0.00034344,1,288.5598
19141123,East,1,0,1,-9999,53.634,14.2538,10.36,152.4,0,0.00183069,3,-9999
19141111,East,1,0,1,8060203,93.1292,28.606,17.1453,152.4,0,0.00183202,1,36.5913
19141097,East,1,0,1,8060203,63.8173,15.5707,10.5488,152.4,0,0.00193839,3,117.801
19141247,East,1,0,1,8060203,78.6139,17.34,12.7321,152.4,0,0.00437788,2,314.9577
19141279,East,1,0,1,-9999,79.3907,20.4046,13.9373,152.4,0,0.00001,2,-9999
19141923,East,1,0,1,8060203,119.6902,20.41,30.41,152.4,0,0.00156739,1,39.2715
19142047,East,1,0,1,8060203,74.1102,18.1325,14.624,152.4,0,0.00081818,1,406.5606
19141579,East,1,0,1,8060203,82.687,17.3871,12.8624,152.4,0,0.00027138,2,209.5542
19141815,East,1,0,1,-9999,93.3722,17.34,12.8042,152.4,0,0.00039877,2,-9999
19177972,East,1,0,1,8060202,65.0414,22.1763,18.8524,152.4,0,0.00001,1,3833.234
19179884,East,1,0,1,8060202,67.0951,17.0626,10.9655,152.4,7,0.00001,1,4694.459
19179976,East,1,0,1,8060202,56.5312,15.4249,10.1091,152.4,0,0.00106029,1,4789.261
19121746,East,1,0,1,8060100,68.1984,18.66,8.47,152.4,0,0.01608173,1,3.6585
19121452,East,1,0,1,8060204,51.0575,16.6577,6.4161,152.4,0,0.00087534,3,231.7158
19121588,East,1,0,1,8060204,64.2197,17.5047,6.4083,152.4,0,0.00165864,1,84.9312
19137395,East,1,0,1,8060203,71.4536,20.7936,11.6609,152.4,0,0.00072781,3,148.6305
19137389,East,1,0,1,8060203,73.7691,22.7257,9.8042,152.4,0,0.00056638,3,142.0326
19137571,East,1,0,1,8060203,56.0847,16.4785,15.142,152.4,0,0.00085556,2,187.1685
19137555,East,1,0,1,8060203,63.9317,22.2189,10.2775,152.4,0,0.00146131,2,183.5856
19122090,East,1,0,1,-9999,40.7889,17.0626,6.3363,152.4,0,0.00092572,3,-9999
19121428,East,1,0,1,8060204,85.1987,16.22,10.5687,152.4,0,0.00292047,1,22.2912
19112980,East,1,0,1,-9999,32.2174,14.8185,14.5461,152.4,0,0.00001,1,-9999
19112978,East,1,0,1,-9999,46.7379,19.4454,20.8998,152.4,0,0.00134751,1,-9999
19112448,East,1,0,1,8060205,68.6722,20.6152,20.3645,152.4,0,0.01278424,1,1.9458
19112450,East,1,0,1,8060205,49.3354,20.3981,19.9279,152.4,0,0.00089265,1,80.7894
19112460,East,1,0,1,8060205,57.1535,24.06,23.55,152.4,0,0.0025862,1,11.2014
19121262,East,1,0,1,8060204,55.015,15.7763,7.0542,152.4,0,0.00502487,3,115.6464
19121188,East,1,0,1,8060204,56.6536,16.6797,6.3437,152.4,0,0.0016906,3,184.5954
19121348,East,1,0,1,8060204,74.7741,19.5742,24.1605,152.4,0,0.00173277,1,49.23
19115892,East,1,0,1,-9999,80.1604,19.2967,20.4935,152.4,0,0.00078728,1,-9999
19140303,East,1,0,1,8060203,75.6074,17.761,12.8144,152.4,0,0.00018421,3,622.0872
19140235,East,1,0,1,-9999,61.1778,18.0514,11.0249,152.4,0,0.00001,1,-9999
19140243,East,1,0,1,8060203,64.7037,19.2559,12.8908,152.4,0,0.00001,3,644.0697
19140253,East,1,0,1,8060203,34.2292,16.7628,6.9337,152.4,0,0.0000781,3,756.351
19140431,East,1,0,1,8060203,32.5997,16.3228,9.6765,152.4,0,0.00211755,1,90.1035
19140419,East,1,0,1,8060203,72.2175,17.4794,13.248,152.4,0,0.0007107,3,507.9366
19140167,East,1,0,1,8060203,65.3176,18.8841,12.162,152.4,0,0.00229904,1,650.2221
19140201,East,1,0,1,8060203,62.5878,18.8092,10.0771,152.4,0,0.00001,2,655.2846
19140191,East,1,0,1,8060203,74.7625,23.9162,11.8185,152.4,0,0.01324306,1,0.8316
19140197,East,1,0,1,8060203,74.6614,18.8416,19.3437,152.4,0,0.00001,3,104.526
19140817,East,1,0,1,8060203,66.3218,17.5159,12.9681,152.4,0,0.00131672,3,130.4334
19140915,East,1,0,1,-9999,71.2694,17.947,13.1684,152.4,0,0.00223853,1,-9999
19140897,East,1,0,1,8060203,75.3228,17.4083,13.1628,152.4,0,0.00001,1,401.5521
19140595,East,1,0,1,8060203,40.0674,18.86,7.8683,152.4,0,0.00339563,3,231.3504
19138049,East,1,0,1,8060203,46.1741,18.28,12.2068,152.4,0,0.00126177,3,514.0611
19137677,East,1,0,1,8060203,52.4921,15.64,17.0199,152.4,0,0.00149068,3,449.1891
19137659,East,1,0,1,8060203,55.3858,16.0425,15.391,152.4,0,0.00001,3,243.2475
19138553,East,1,0,1,8060203,43.9188,18.2455,11.4413,152.4,0,0.00001,1,1514.326
19138561,East,1,0,1,8060203,58.6411,18.8506,15.9032,152.4,0,0.00001,3,1497.224
19138575,East,1,0,1,-9999,43.7757,16.3032,12.9453,152.4,0,0.00209876,2,-9999
19138525,East,1,0,1,8060203,36.5012,16.5359,11.6699,152.4,0,0.00221138,1,1561.223
19138517,East,1,0,1,-9999,40.9338,16.8041,8.963,152.4,0,0.00078141,1,-9999
19139809,East,1,0,1,8060203,48.6024,17.7955,11.4127,152.4,0,0.00736318,3,969.903
19138425,East,1,0,1,8060203,38.7871,17.5951,22.4667,152.4,0,0.00001,1,1681.287
19138433,East,1,0,1,8060203,47.033,17.516,11.8184,152.4,0,0.00077519,2,973.0746
19220525,East,1,0,1,8060201,111.6228,19.6473,27.9369,152.4,0,0.00149452,1,25.6176
19220477,East,1,0,1,8060201,122.2467,28.961,17.6667,152.4,0,0.00035732,2,130.2057
19220213,East,1,0,1,-9999,103.7597,24.6991,23.8815,151.9996,7,0.0000896,2,-9999
19220217,East,1,0,1,-9999,112.5437,22.7794,28.2928,152.4,7,0.00056643,1,-9999
19220853,East,1,0,1,8060201,111.47,25.5378,21.0212,152.4,0,0.00118892,2,68.8446
19220801,East,1,0,1,-9999,92.6173,22.76,23.0402,152.4,0,0.00001,3,-9999
19218951,East,1,0,1,8060201,124.8699,19.2222,22.7972,152.4,0,0.00178746,1,40.0473
19218725,East,1,0,1,8060201,122.8803,16.86,19.4019,152.4,0,0.00337448,1,23.9472
19219451,East,1,0,1,8060201,127.2136,18.5971,19.9272,152.4,0,0.00266964,1,16.9047
19219483,East,1,0,1,-9999,113.1315,29.593,19.7767,152.4,0,0.00039148,1,-9999
19219315,East,1,0,1,8060201,117.7201,24.8153,28.9762,152.4,0,0.00108688,1,44.3313
19219155,East,1,0,1,-9999,118.9364,32.7068,18.6443,152.4,0,0.00147157,1,-9999
19219083,East,1,0,1,8060201,123.9038,22.0612,30.7517,152.4,0,0.00039518,1,58.3497
19222517,East,1,0,1,8060201,116.6488,20.8889,32.064,152.4,0,0.00311926,1,12.7431
19222549,East,1,0,1,-9999,81.2898,22.4904,25.4062,152.4,0,0.00001,1,-9999
19222463,East,1,0,1,8060201,121.9575,19.92,32.43,152.4,0,0.00240303,1,22.5351
19222889,East,1,0,1,8060201,118.7467,25.52,30.8634,152.4,0,0.00232769,1,9.7263
19222861,East,1,0,1,8060201,90.0984,21.8781,24.6053,152.4,0,0.00150408,2,66.4128
19221589,East,1,0,1,8060201,131.6143,23.6945,35.7017,152.4,0,0.0023465,1,26.9721
19221609,East,1,0,1,8060201,99.9258,18.78,14.3801,152.4,0,0.00290398,1,34.2423
19221167,East,1,0,1,-9999,103.6851,19.6605,27.4689,152.4,0,0.00001,1,-9999
19221801,East,1,0,1,8060201,115.9416,19.92,32.43,152.4,7,0.00371362,1,7.857
19185282,East,1,0,1,8060202,42.5456,16.9299,10.2348,152.4,0,0.00193723,1,21.8799
19185664,East,1,0,1,-9999,44.1095,16.3917,14.7325,152.4,0,0.00075949,3,-9999
19226649,East,1,0,1,8060201,79.9251,19.8723,30.8574,152.4,3,0.00234478,1,14.6232
19226561,East,1,0,1,8060201,73.2081,17.34,19.1825,152.4,4,0.0020909,3,205.4646
19227137,East,1,0,1,-9999,64.8564,22.76,22.8958,152.4,0,0.0000965,1,-9999
19223639,East,1,0,1,8060201,99.5113,17.555,13.465,152.4,0,0.00200342,1,32.5773
19223627,East,1,0,1,8060201,105.9037,18.3662,14.8182,152.4,0,0.00416231,1,1.5858
19223395,East,1,0,1,-9999,79.7282,23.1837,24.3182,152.4,0,0.00037703,1,-9999
19223467,East,1,0,1,8060201,93.1359,21.1725,23.0303,152.4,0,0.00120812,1,52.1298
19226107,East,1,0,1,-9999,68.0219,22.76,23.04,152.4,4,0.00001,2,-9999
15250454,East,1,0,1,8030204,83.452,18.81,6.9506,152.4,0,0.00271844,1,32.4612
15251276,East,1,0,1,8030204,102.2123,18.966,11.293,152.4,0,0.00412164,1,9.2943
15252066,East,1,0,1,8030204,104.1626,17.9951,9.8225,152.4,0,0.00071322,1,496.3743
15252264,East,1,0,1,8030204,-9999,-9999,-9999,-9999,-9999,-9999,-9999,-9999
15283536,East,1,0,1,8030201,138.3746,25.52,30.96,152.4,0,0.00331081,1,6.7374
15283746,East,1,0,1,8030201,128.663,25.1325,34.1986,152.4,0,0.00037267,3,67.3758
15284904,East,1,0,1,8030201,129.8693,20.2447,23.3175,152.4,0,0.00098733,1,31.3623
15284848,East,1,0,1,-9999,114.1611,26.9791,19.1669,152.4,0,0.00253228,1,-9999
15284492,East,1,0,1,8030201,124.4848,22.0888,31.6379,152.4,0,0.00001,1,82.9485
15276506,East,1,0,1,8030203,103.6204,19.92,32.43,152.4,0,0.00507004,1,7.2603
15276562,East,1,0,1,8030203,113.675,19.5527,29.7403,152.4,0,0.00256809,1,14.2785
15276080,East,1,0,1,8030203,105.1826,19.92,32.3858,152.4,0,0.00161971,1,9.8802
15276116,East,1,0,1,8030203,103.2163,19.92,32.43,152.4,0,0.00256714,1,7.0272
15276872,East,1,0,1,8030203,88.0074,18.8848,24.2324,152.4,0,0.0068044,1,10.1223
15276900,East,1,0,1,8030203,61.606,14.15,10.3504,152.4,0,0.00001,3,1575.794
15288024,East,1,0,1,8030201,103.5903,23.9956,35.7558,148.2155,0,0.00001,3,327.1914
15286748,East,1,0,1,8030201,118.4532,21.9229,35.6761,151.4412,0,0.00170809,1,41.517
15288420,East,1,0,1,8030201,101.1353,23.6767,22.503,152.3598,0,0.00135095,1,60.0957
15288488,East,1,0,1,-9999,95.9478,27.6067,23.7813,151.465,0,0.00324404,3,-9999
15288074,East,1,0,1,-9999,90.8951,21.62,16.0913,152.4,0,0.00001,2,-9999
15285878,East,1,0,1,-9999,94.8809,20.8485,25.4602,152.4,0,0.00023655,1,-9999
15285976,East,1,0,1,8030201,146.9718,22.1356,36.4102,152.4,0,0.00054393,0,19.3518
15285498,East,1,0,1,8030201,104.996,24.2813,25.7713,152.4,0,0.00300624,1,35.0928
15285616,East,1,0,1,8030201,101.3144,17.6618,44.949,152.4,0,0.00273344,1,26.8722
15275226,East,1,0,1,8030203,95.6477,21.7762,29.481,152.4,0,0.0033514,1,35.5878
15275312,East,1,0,1,8030203,95.4208,17.5507,8.9272,152.4,0,0.00149435,1,25.2342
15274924,East,1,0,1,8030203,107.4113,23.5,22.4253,152.4,7,0.00220518,1,21.7188
15275134,East,1,0,1,8030203,72.3761,15.9907,9.5371,152.4,0,0.00001,2,161.9703
15275174,East,1,0,1,8030203,90.1457,16.6709,9.3967,152.4,0,0.00228471,1,35.1009
15275148,East,1,0,1,8030203,93.306,23.0436,27.9074,152.4,0,0.0029346,1,36.6336
15275956,East,1,0,1,8030203,116.8893,19.6123,29.8623,152.4,7,0.00598347,1,10.6497
15275720,East,1,0,1,8030203,112.9887,17.8638,18.9271,152.4,0,0.00187714,1,17.514
15274656,East,1,0,1,8030203,123.5196,23.1727,27.3991,152.4,0,0.00621965,1,4.563
15274898,East,1,0,1,8030203,95.2638,22.8365,28.7249,152.4,0,0.00246607,1,14.8401
15274832,East,1,0,1,8030203,105.3404,22.4354,35.1476,152.4,0,0.00248511,1,24.7869
15274814,East,1,0,1,8030203,101.9844,23.3363,24.6162,152.4,0,0.00262237,1,41.9139
15274590,East,1,0,1,8030203,131.0526,21.4325,45.6747,152.4,0,0.00337293,1,13.6017
15289272,East,1,0,1,8030201,65.3181,18.4151,9.1127,152.4,0,0.00282087,1,7.641
15288884,East,1,0,1,8030201,138.6559,21.4414,45.3588,152.4,0,0.00293122,1,18.8667
15288940,East,1,0,1,8030201,112.9815,28.5209,23.6663,151.2118,0,0.00302075,1,19.7946
15290132,East,1,0,1,8030201,117.1395,21.0783,43.7299,152.4,0,0.00514248,3,10.1727
15289980,East,1,0,1,8030201,83.1198,21.62,25.4612,152.4,0,0.00001,1,54.4833
15290034,East,1,0,1,8030201,111.8684,18.1619,45.0862,152.4,0,0.00202288,1,31.0959
14222403,East,1,0,1,-9999,132.5238,22.3384,15.0344,148.9453,0,0.00213204,1,-9999
14222333,East,1,0,1,8010207,131.9822,17.6481,15.1188,151.2806,0,0.00227713,1,28.8585
14220411,East,1,0,1,8010207,125.7732,20.0716,32.9837,152.4,0,0.0007354,2,125.4726
14224141,East,1,0,1,8010207,150.9721,25.1338,31.6804,152.4,0,0.00123416,1,96.6717
14224339,East,1,0,1,8010207,171.4284,25.52,30.96,152.4,0,0.00039499,1,72.4977
14224223,East,1,0,1,8010207,164.731,25.52,30.96,152.4,0,0.00019278,1,92.5425
14223907,East,1,0,1,8010207,158.8407,25.52,30.915,152.4,0,0.00248773,1,17.9685
14224047,East,1,0,1,8010207,144.9637,25.52,30.96,152.4,0,0.0008909,1,32.1633
14224423,East,1,0,1,8010207,168.0194,29.03,24.9027,150.36,0,0.00178913,1,14.9274
14224411,East,1,0,1,8010207,171.014,25.52,30.96,152.4,0,0.00103038,1,29.5965
14223689,East,1,0,1,8010207,170.4057,25.52,30.96,152.4,0,0.01462326,1,6.7572
14211988,East,1,0,1,8010210,124.4623,17.3554,13.0181,152.4,0,0.00174669,2,94.5342
14211600,East,1,0,1,8010210,133.9736,19.8678,16.2764,152.4,0,0.00227503,1,60.4008
14208022,East,1,0,1,-9999,120.4548,18.1406,10.1581,152.4,0,0.00039237,2,-9999
14238816,East,1,0,1,8010205,108.3669,17.0077,10.7814,152.4,0,0.00001,1,1284.905
14238708,East,1,0,1,8010205,128.5949,19.9409,28.6927,152.4,0,0.00185539,1,26.5473
14242086,East,1,0,1,8010205,126.814,16.95,10.8129,152.4,0,0.00001,1,20.8773
14242036,East,1,0,1,8010205,132.1357,20.0356,32.983,152.4,0,0.00062693,1,40.752
14242196,East,1,0,1,8010205,134.3898,34.2583,11.7438,145.7685,0,0.00469492,1,4.599
14242884,East,1,0,1,8010205,114.0221,16.95,10.7185,152.4,0,0.00097288,1,9.0522
7480716,East,1,0,1,8010202,130.3498,16.1375,13.5503,152.4,0,0.00129477,2,105.0363
7482298,East,1,0,1,8010202,121.3667,15.671,27.5969,152.4,0,0.0000335,2,376.6851
7482172,East,1,0,1,8010202,132.6662,17.9389,23.0924,152.4,0,0.00001,2,108.8001
10581927,East,1,0,1,6040005,125.2858,18.1118,22.0207,152.4,0,0.00084541,1,29.2239
14063013,East,1,0,1,8010209,114.1667,18.7098,12.028,152.4,0,0.00146843,2,208.6605
14081134,East,1,0,1,8010208,107.3911,18.3815,19.5772,152.4,7,0.00001,1,3963.506
14081038,East,1,0,1,8010208,97.7031,19.5052,26.6383,152.4,0,0.00001,1,4603.231
14081168,East,1,0,1,8010208,130.2575,21.8199,29.2261,152.4,0,0.0004967,1,37.971
14080684,East,1,0,1,8010208,138.3211,19.5682,23.4078,152.4,7,0.00211463,1,43.8579
14101131,East,1,0,1,8010204,134.7024,19.5062,22.1924,152.4,0,0.00498793,1,9.0261
14100325,East,1,0,1,8010204,98.3365,16.0885,13.1627,152.4,7,0.00001,3,738.594
14100839,East,1,0,1,8010204,148.0395,20.2645,26.154,152.4,0,0.00223929,1,16.0092
14076746,East,1,0,1,8010208,106.6355,19.37,20.7913,152.4,7,0.0014,3,315.5274
14076764,East,1,0,1,8010208,117.2196,21.852,26.6439,152.4,4,0.00093354,3,312.1866
14076612,East,1,0,1,-9999,129.5614,23.654,37.9427,152.4,0,0.0022619,2,-9999
14076482,East,1,0,1,8010208,123.914,18.779,22.9491,152.4,0,0.00384408,2,76.0257
14079110,East,1,0,1,8010208,91.7972,16.95,10.8152,152.4,0,0.00001,1,4625.529
14127415,East,1,0,1,8010201,91.093,12.45,14.4931,152.4,0,0.00001,3,761.6259
14110714,East,1,0,1,8010203,136.8274,20.0897,27.5645,152.4,0,0.00146848,1,14.1669
14110708,East,1,0,1,8010203,118.6962,19.1291,9.6217,152.4,0,0.00139405,1,47.3607
14111042,East,1,0,1,8010203,106.0008,17.9071,9.8543,152.4,0,0.00076831,2,350.9937
14110864,East,1,0,1,8010203,114.2696,15.7637,23.8572,152.4,0,0.00001,2,175.3011
14110806,East,1,0,1,8010203,127.481,17.0757,26.5778,152.4,7,0.00129358,3,84.8124
14112874,East,1,0,1,8010203,133.0913,19.135,24.7744,152.4,0,0.00099285,1,44.0604
7601119,West,1,1,0,11070208,239.8251,35.0973,18.4362,145.894,0,0.00001,0,2606.762
20906997,West,1,1,0,-9999,371.1795,35.45,10.3749,152.4,0,0.00079964,3,-9999
7592715,West,1,1,0,11070207,248.4289,38.2632,21.6027,143.951,0,0.00027158,1,6677.681
7600527,West,1,1,0,11070208,285.1512,36.4523,19.572,146.0866,0,0.01724209,1,7.9425
7600551,West,1,1,0,11070208,280.2543,38.8976,20.8136,147.6764,0,0.00220172,1,243.8784
7600671,West,1,1,0,-9999,305.0617,37.9165,21.5227,147.0173,0,0.00278994,2,-9999
7601043,West,1,1,0,11070208,359.0246,39.085,19.5851,149.4217,0,0.00140163,3,306.9405
7601071,West,1,1,0,-9999,262.2042,39.08,21.8624,146.46,0,0.0021768,1,-9999
7601075,West,1,1,0,-9999,274.4433,37.3401,21.1523,147.2867,0,0.00096174,1,-9999
7601075,West,1,1,0,-9999,274.4433,37.3401,21.1523,147.2867,0,0.00096174,1,-9999
7601075,West,1,1,0,-9999,274.4433,37.3401,21.1523,147.2867,0,0.00096174,1,-9999
7601075,West,1,1,0,-9999,274.4433,37.3401,21.1523,147.2867,0,0.00096174,1,-9999
7592699,West,1,1,0,11070207,251.8604,34.3719,19.945,143.9861,0,0.00001,1,6543.533
7601117,West,1,1,0,11070208,246.5792,34.9878,18.6625,146.555,0,0.00001,0,2561.49
7592691,West,1,1,0,11070207,253.275,33.7556,18.4969,147.5146,0,0.0000831,2,6516.391
7601127,West,1,1,0,11070208,272.2346,32.2159,19.1951,149.7481,0,0.00532755,0,2075.031
7601127,West,1,1,0,11070208,272.2346,32.2159,19.1951,149.7481,0,0.00532755,0,2075.031
7770659,West,1,1,0,11110202,115.0271,27.28,19.12,124.43,0,0.00461466,1,2.8908
20874826,West,1,1,0,11070205,275.8986,39.4,10.55,146.6,0,0.00394863,1,2.5902
20876332,West,1,1,0,11070205,240.9791,35.753,8.1113,152.0941,0,0.00001,1,14855.01
20888737,West,1,1,0,11070204,353.0925,37.2927,10.2657,115.4905,0,0.00635711,1,4.1004
20890161,West,1,1,0,11070204,295.9391,35.8158,7.801,151.9102,7,0.00232937,2,9040.351
20904145,West,1,1,0,11070203,418.8425,45.28,10.101,119.48,0,0.0018159,1,50.031
20906601,West,1,1,0,11070203,376.5801,40.6284,11.0633,130.1215,0,0.0014256,1,85.1517
20906653,West,1,1,0,11070203,383.3399,38.874,7.2174,146.2415,0,0.00296218,1,37.2096
20906723,West,1,1,0,11070203,387.4573,42.209,10.6178,123.4495,0,0.00154078,1,92.0538
7601111,West,1,1,0,-9999,247.4882,37.0425,20.1536,146.1704,0,0.00001,0,-9999
7591089,West,1,1,0,11070207,304.4264,36.1288,19.5735,148.4225,0,0.00195863,0,1145.821
7590647,West,1,1,0,11070207,275.3877,35.0394,20.1372,148.4249,0,0.00116093,1,1205.04
7590867,West,1,1,0,11070207,272.0273,27.434,23.1941,122.9054,0,0.00055067,3,1421.111
7590909,West,1,1,0,11070207,273.5871,32.8639,17.2468,137.9218,0,0.00001,2,3019.609
7591045,West,1,1,0,11070207,265.4568,36.4137,20.812,147.7447,0,0.00018213,1,4682.027
7591045,West,1,1,0,11070207,265.4568,36.4137,20.812,147.7447,0,0.00018213,1,4682.027
7591059,West,1,1,0,11070207,250.5825,26.8136,16.1743,152.3529,0,0.00010256,1,4896.461
7591059,West,1,1,0,11070207,250.5825,26.8136,16.1743,152.3529,0,0.00010256,1,4896.461
7591059,West,1,1,0,11070207,250.5825,26.8136,16.1743,152.3529,0,0.00010256,1,4896.461
7591059,West,1,1,0,11070207,250.5825,26.8136,16.1743,152.3529,0,0.00010256,1,4896.461
7591065,West,1,1,0,11070207,256.4561,32.6886,19.065,149.546,0,0.00001,0,4901.466
7591067,West,1,1,0,11070207,245.3506,26.8957,16.905,152.2969,0,0.00105142,2,6115.368
7592703,West,1,1,0,-9999,243.2294,32.1358,19.0292,149.7865,0,0.00001,1,-9999
7591081,West,1,1,0,-9999,263.2994,34.8329,20.1566,148.5008,0,0.00022523,0,-9999
20907011,West,1,1,0,11070203,341.0865,36.8794,9.0424,149.8431,0,0.0007649,3,4748.782
7591093,West,1,1,0,11070207,254.6523,33.8802,19.3812,148.5052,1,0.00001,1,-9999
7591093,West,1,1,0,11070207,254.6523,33.8802,19.3812,148.5052,1,0.00001,1,-9999
7591093,West,1,1,0,11070207,254.6523,33.8802,19.3812,148.5052,1,0.00001,1,-9999
7591153,West,1,1,0,11070207,245.9767,26.68,16.3649,152.4,0,0.00041237,0,0.2214
7591167,West,1,1,0,11070207,244.9288,33.1684,18.7629,149.2968,0,0.00001,1,6331.55
7592397,West,1,1,0,11070207,318.9003,39.08,22.0371,146.46,3,0.0000112,2,698.4072
7592657,West,1,1,0,-9999,350.2554,39.0819,20.9907,147.6016,7,0.00133116,2,-9999
7592677,West,1,1,0,-9999,246.5829,31.8019,18.4062,149.4436,0,0.00001,1,-9999
7592687,West,1,1,0,11070207,245.9293,33.3446,19.3861,149.2074,0,0.00027422,2,6491.53
7592687,West,1,1,0,11070207,245.9293,33.3446,19.3861,149.2074,0,0.00027422,2,6491.53
7592691,West,1,1,0,11070207,253.275,33.7556,18.4969,147.5146,0,0.0000831,2,6516.391
7592691,West,1,1,0,11070207,253.275,33.7556,18.4969,147.5146,0,0.0000831,2,6516.391
7591081,West,1,1,0,-9999,263.2994,34.8329,20.1566,148.5008,0,0.00022523,0,-9999
20931078,West,1,1,0,11070201,327.2495,35.7736,10.2112,149.8053,0,0.00062694,3,7095.006
20906859,West,1,1,0,11070203,338.645,35.45,10.38,152.4,0,0.00001,3,4634.263
20908021,West,1,1,0,11070203,394.9886,39.7759,11.1247,132.0718,0,0.00349127,3,84.3336
20908117,West,1,1,0,11070203,395.815,39.0635,11.2684,133.7014,0,0.00951896,1,3.1635
20908329,West,1,1,0,11070203,400.2536,36.8046,11.2602,138.8691,0,0.0056962,3,237.6882
20908623,West,1,1,0,11070203,364.0735,40.3403,10.2391,136.0227,0,0.0001488,2,3577.959
20908667,West,1,1,0,11070203,365.9329,31.5412,12.028,145.5371,0,0.00012188,3,536.3622
20908667,West,1,1,0,11070203,365.9329,31.5412,12.028,145.5371,0,0.00012188,3,536.3622
20908671,West,1,1,0,11070203,420.5433,37.48,9,82.95,0,0.01758131,1,2.4561
20920603,West,1,1,0,11070202,392.6745,35.6236,11.4861,136.6591,0,0.00074581,3,300.7737
20920603,West,1,1,0,11070202,392.6745,35.6236,11.4861,136.6591,0,0.00074581,3,300.7737
20920603,West,1,1,0,11070202,392.6745,35.6236,11.4861,136.6591,0,0.00074581,3,300.7737
20908013,West,1,1,0,11070203,383.6166,31.7382,12.3516,150.4596,0,0.00158703,3,107.2854
20931068,West,1,1,0,-9999,343.279,36.8238,9.3166,145.0723,0,0.00088146,1,-9999
20908013,West,1,1,0,11070203,383.6166,31.7382,12.3516,150.4596,0,0.00158703,3,107.2854
20931078,West,1,1,0,11070201,327.2495,35.7736,10.2112,149.8053,0,0.00062694,3,7095.006
20931894,West,1,1,0,11070201,323.1553,35.45,10.3029,152.4,0,0.00001,3,7182.558
20932340,West,1,1,0,11070201,320.4209,35.52,11.04,113.18,0,0.00056827,0,4.509
20943648,West,1,1,0,11070104,238.6269,35.208,8.6782,125.318,0,0.00200557,1,85.6602
20943682,West,1,1,0,11070104,244.6121,35.1322,8.5134,119.3166,0,0.00166099,1,20.6973
20943750,West,1,1,0,11070104,254.4053,35.55,8.1603,152.4,7,0.00330666,3,175.6278
20943750,West,1,1,0,11070104,254.4053,35.55,8.1603,152.4,7,0.00330666,3,175.6278
20943754,West,1,1,0,-9999,249.3561,35.4266,8.0931,142.6313,7,0.00024642,3,-9999
20943892,West,1,1,0,11070104,252.0406,35.1764,8.4055,122.8186,0,0.00095876,1,1311.768
20943902,West,1,1,0,11070104,234.6043,35.55,7.9086,152.4,0,0.00001,3,1694.019
20945082,West,1,1,0,11070104,318.0663,37.4388,9.6948,119.362,0,0.00278688,3,183.0465
20945180,West,1,1,0,11070104,318.5853,31.0986,11.3444,149.3766,0,0.00126108,3,219.5973
20921111,West,1,1,0,-9999,388.0288,40.4462,10.7911,131.7972,0,0.00094412,3,-9999
20907587,West,1,1,0,11070203,382.4924,37.48,9.0416,82.95,0,0.00103059,1,50.1588
20907155,West,1,1,0,-9999,375.8924,36.2669,9.7761,149.9546,0,0.00094754,3,-9999
20907155,West,1,1,0,-9999,375.8924,36.2669,9.7761,149.9546,0,0.00094754,3,-9999
20907237,West,1,1,0,-9999,354.0834,35.58,10.3636,145.8042,0,0.00001,3,-9999
20907279,West,1,1,0,-9999,361.4514,36.6216,9.9494,91.996,0,0.00588748,2,-9999
20907279,West,1,1,0,-9999,361.4514,36.6216,9.9494,91.996,0,0.00588748,2,-9999
20907375,West,1,1,0,-9999,378.4702,37.2667,9.4464,103.4885,0,0.00054289,3,-9999
20907375,West,1,1,0,-9999,378.4702,37.2667,9.4464,103.4885,0,0.00054289,3,-9999
20907401,West,1,1,0,11070203,370.8387,36.3006,9.7791,123.2998,0,0.00031223,3,2651.439
20907461,West,1,1,0,11070203,358.6723,32.2181,11.5239,138.5887,0,0.00279445,1,5.9436
20907461,West,1,1,0,11070203,358.6723,32.2181,11.5239,138.5887,0,0.00279445,1,5.9436
20907461,West,1,1,0,11070203,358.6723,32.2181,11.5239,138.5887,0,0.00279445,1,5.9436
20908013,West,1,1,0,11070203,383.6166,31.7382,12.3516,150.4596,0,0.00158703,3,107.2854
20907587,West,1,1,0,11070203,382.4924,37.48,9.0416,82.95,0,0.00103059,1,50.1588
7590647,West,1,1,0,11070207,275.3877,35.0394,20.1372,148.4249,0,0.00116093,1,1205.04
20907707,West,1,1,0,11070203,379.2756,37.48,9,82.95,0,0.00022038,1,43.245
20907853,West,1,1,0,11070203,379.88,37.8811,11.4234,136.4064,0,0.00778571,1,5.3766
20907855,West,1,1,0,11070203,396.7876,37.48,9,82.95,0,0.00375524,1,24.2721
20907855,West,1,1,0,11070203,396.7876,37.48,9,82.95,0,0.00375524,1,24.2721
20907863,West,1,1,0,11070203,398.16,37.48,9,82.95,0,0.00551544,1,10.557
20908005,West,1,1,0,11070203,379.4782,30.89,12.5135,152.4,0,0.00001,3,103.878
20908011,West,1,1,0,-9999,373.6953,32.5369,11.68,135.0443,0,0.00091009,3,-9999
20908011,West,1,1,0,-9999,373.6953,32.5369,11.68,135.0443,0,0.00091009,3,-9999
20908011,West,1,1,0,-9999,373.6953,32.5369,11.68,135.0443,0,0.00091009,3,-9999
20908011,West,1,1,0,-9999,373.6953,32.5369,11.68,135.0443,0,0.00091009,3,-9999
20908011,West,1,1,0,-9999,373.6953,32.5369,11.68,135.0443,0,0.00091009,3,-9999
20908011,West,1,1,0,-9999,373.6953,32.5369,11.68,135.0443,0,0.00091009,3,-9999
20907461,West,1,1,0,11070203,358.6723,32.2181,11.5239,138.5887,0,0.00279445,1,5.9436
401966,West,1,1,0,11110103,204.8382,29.53,33.8886,107.59,0,0.00001,0,3895.7553
7590647,West,1,1,0,11070207,275.3877,35.0394,20.1372,148.4249,0,0.00116093,1,1205.04
399916,West,1,1,0,11110103,349.5006,32.3609,26.2062,131.938,0,0.00131264,2,139.5657
400070,West,1,1,0,11110103,231.1975,24.9338,23.7934,148.3497,0,0.00001,2,2351.3643
400070,West,1,1,0,11110103,231.1975,24.9338,23.7934,148.3497,0,0.00001,2,2351.3643
400070,West,1,1,0,11110103,231.1975,24.9338,23.7934,148.3497,0,0.00001,2,2351.3643
400078,West,1,1,0,11110103,252.8241,28.4253,23.4385,147.8833,0,0.00146647,3,2356.2603
400380,West,1,1,0,-9999,214.9032,36.483,22.7704,146.8069,3,0.00288461,2,-9999
401664,West,1,1,0,11110103,232.0672,29.7368,23.2955,147.7081,7,0.00001,1,2462.5773
401664,West,1,1,0,11110103,232.0672,29.7368,23.2955,147.7081,7,0.00001,1,2462.5773
401838,West,1,1,0,11110103,262.9845,29.53,34.09,107.59,0,0.03682043,2,1.7613
401884,West,1,1,0,11110103,213.4995,28.4671,23.5066,147.8777,0,0.00040816,2,2512.7856
398550,West,1,1,0,11110103,254.9556,21.248,24.0447,148.842,0,0.0064096,2,2252.4093
401900,West,1,1,0,-9999,214.14,31.177,22.9846,147.5087,0,0.00029272,2,-9999
398550,West,1,1,0,11110103,254.9556,21.248,24.0447,148.842,0,0.0064096,2,2252.4093
401966,West,1,1,0,11110103,204.8382,29.53,33.8886,107.59,0,0.00001,0,3895.7553
401966,West,1,1,0,11110103,204.8382,29.53,33.8886,107.59,0,0.00001,0,3895.7553
401966,West,1,1,0,11110103,204.8382,29.53,33.8886,107.59,0,0.00001,0,3895.7553
401966,West,1,1,0,11110103,204.8382,29.53,33.8886,107.59,0,0.00001,0,3895.7553
401968,West,1,1,0,11110103,215.3763,30.8556,32.0762,112.9853,0,0.00001,0,23.5179
401970,West,1,1,0,11110103,212.3079,29.53,34.09,107.59,0,0.00001,0,3910.3119
401976,West,1,1,0,11110103,232.7122,37.7249,24.0544,140.9444,0,0.00037304,0,14.3397
401978,West,1,1,0,11110103,220.164,29.53,34.09,107.59,0,0.00001,0,3943.7757
402002,West,1,1,0,11110103,200.4343,29.53,34.09,107.59,0,0.00001,0,4032.3294
402002,West,1,1,0,11110103,200.4343,29.53,34.09,107.59,0,0.00001,0,4032.3294
402250,West,1,1,0,11110103,186.4869,29.53,34.09,107.59,0,0.00001,3,4172.4513
402250,West,1,1,0,11110103,186.4869,29.53,34.09,107.59,0,0.00001,3,4172.4513
401900,West,1,1,0,-9999,214.14,31.177,22.9846,147.5087,0,0.00029272,2,-9999
397890,West,1,1,0,-9999,301.6749,35.4873,22.2412,147.597,0,0.00231566,3,-9999
380452,West,1,1,0,11110102,196.117,29.53,34.09,107.59,0,0.0019572,1,89.9397
380468,West,1,1,0,11110102,180.2347,31.7618,24.1572,130.0552,0,0.00123411,1,124.7931
380468,West,1,1,0,11110102,180.2347,31.7618,24.1572,130.0552,0,0.00123411,1,124.7931
380512,West,1,1,0,11110102,160.0222,33.227,20.5643,124.143,0,0.00383116,1,186.5124
380552,West,1,1,0,11110102,212.5593,29.53,34.0718,107.59,0,0.00352893,1,57.1527
380816,West,1,1,0,11110102,172.2258,29.53,34.09,107.59,0,0.00001,2,173.9484
380818,West,1,1,0,11110102,166.8231,29.53,34.09,107.59,0,0.00331412,1,177.0858
380818,West,1,1,0,11110102,166.8231,29.53,34.09,107.59,0,0.00331412,1,177.0858
381748,West,1,1,0,11110102,168.0857,29.53,34.09,107.59,0,0.0000499,0,27.4095
381758,West,1,1,0,11110102,175.5667,29.53,34.09,107.59,0,0.00001,0,225.7974
398926,West,1,1,0,-9999,242.281,20.29,24.57,148.97,0,0.00019792,2,-9999
383756,West,1,1,0,11110102,143.5393,25.0072,30.2298,141.8517,0,0.00001,0,279949.3812
402478,West,1,1,0,11110103,172.745,29.53,34.0824,107.59,0,0.00431918,2,4183.7373
398302,West,1,1,0,-9999,303.2302,28.7642,23.3968,147.838,0,0.00001,2,-9999
398410,West,1,1,0,11110103,275.0697,30.5136,23.2514,147.6043,0,0.00127833,2,2167.7067
398424,West,1,1,0,-9999,272.9464,26.9409,23.7507,148.0816,0,0.00024558,2,-9999
398424,West,1,1,0,-9999,272.9464,26.9409,23.7507,148.0816,0,0.00024558,2,-9999
398424,West,1,1,0,-9999,272.9464,26.9409,23.7507,148.0816,0,0.00024558,2,-9999
398424,West,1,1,0,-9999,272.9464,26.9409,23.7507,148.0816,0,0.00024558,2,-9999
398468,West,1,1,0,11110103,341.9367,39.08,22.04,146.46,0,0.00263768,1,195.0264
398522,West,1,1,0,11110103,260.1334,31.2878,23.1156,147.5009,0,0.0000483,2,2236.806
398522,West,1,1,0,11110103,260.1334,31.2878,23.1156,147.5009,0,0.0000483,2,2236.806
398522,West,1,1,0,11110103,260.1334,31.2878,23.1156,147.5009,0,0.0000483,2,2236.806
398522,West,1,1,0,11110103,260.1334,31.2878,23.1156,147.5009,0,0.0000483,2,2236.806
398522,West,1,1,0,11110103,260.1334,31.2878,23.1156,147.5009,0,0.0000483,2,2236.806
383756,West,1,1,0,11110102,143.5393,25.0072,30.2298,141.8517,0,0.00001,0,279949.3812
7590645,West,1,1,0,11070207,278.2266,32.1199,18.965,149.7941,7,0.00001,2,1184.035
7590261,West,1,1,0,11070207,253.1593,35.8728,20.2097,148.0035,3,0.00001,2,3738.325
7590261,West,1,1,0,11070207,253.1593,35.8728,20.2097,148.0035,3,0.00001,2,3738.325
7590261,West,1,1,0,11070207,253.1593,35.8728,20.2097,148.0035,3,0.00001,2,3738.325
7590269,West,1,1,0,11070207,293.4471,35.8516,18.5005,149.05,0,0.00105783,2,1153.416
7590289,West,1,1,0,11070207,261.9839,30.9563,20.5028,141.2264,7,0.00001,2,3740.737
7590345,West,1,1,0,11070207,314.2223,34.8557,13.9773,139.1336,0,0.00070163,2,1084.387
7590377,West,1,1,0,11070207,259.3978,32.2961,19.0784,149.7097,0,0.00027096,3,776.9682
7590427,West,1,1,0,11070207,257.0011,39.0573,21.4752,146.4804,7,0.00001,2,4654.523
7590447,West,1,1,0,-9999,298.5062,34.5263,18.0419,149.7486,0,0.00102374,2,-9999
7590475,West,1,1,0,-9999,288.4457,38.6504,19.6107,147.8931,0,0.00272653,1,-9999
7590475,West,1,1,0,-9999,288.4457,38.6504,19.6107,147.8931,0,0.00272653,1,-9999
402390,West,1,1,0,11110103,240.8633,29.53,34.09,107.59,0,0.01031847,1,5.6835
7590645,West,1,1,0,11070207,278.2266,32.1199,18.965,149.7941,7,0.00001,2,1184.035
7590229,West,1,1,0,11070207,255.7794,28.5917,18.6381,151.4842,3,0.00220402,2,3055.759
7590647,West,1,1,0,11070207,275.3877,35.0394,20.1372,148.4249,0,0.00116093,1,1205.04
7590647,West,1,1,0,11070207,275.3877,35.0394,20.1372,148.4249,0,0.00116093,1,1205.04
7590647,West,1,1,0,11070207,275.3877,35.0394,20.1372,148.4249,0,0.00116093,1,1205.04
7590647,West,1,1,0,11070207,275.3877,35.0394,20.1372,148.4249,0,0.00116093,1,1205.04
7590647,West,1,1,0,11070207,275.3877,35.0394,20.1372,148.4249,0,0.00116093,1,1205.04
7590647,West,1,1,0,11070207,275.3877,35.0394,20.1372,148.4249,0,0.00116093,1,1205.04
7590647,West,1,1,0,11070207,275.3877,35.0394,20.1372,148.4249,0,0.00116093,1,1205.04
7590647,West,1,1,0,11070207,275.3877,35.0394,20.1372,148.4249,0,0.00116093,1,1205.04
7590647,West,1,1,0,11070207,275.3877,35.0394,20.1372,148.4249,0,0.00116093,1,1205.04
7590647,West,1,1,0,11070207,275.3877,35.0394,20.1372,148.4249,0,0.00116093,1,1205.04
7590647,West,1,1,0,11070207,275.3877,35.0394,20.1372,148.4249,0,0.00116093,1,1205.04
20945540,West,1,1,0,11070104,276.2485,35.6841,10.2552,126.1074,7,0.00065727,1,101.1879
7590559,West,1,1,0,11070207,253.8475,36.7626,12.3633,148.8474,0,0.00199837,1,19.7865
7583433,West,1,1,0,11070206,260.5269,38.2388,21.2546,146.3404,0,0.00213515,1,239.6745
7590647,West,1,1,0,11070207,275.3877,35.0394,20.1372,148.4249,0,0.00116093,1,1205.04
402478,West,1,1,0,11110103,172.745,29.53,34.0824,107.59,0,0.00431918,2,4183.7373
402478,West,1,1,0,11110103,172.745,29.53,34.0824,107.59,0,0.00431918,2,4183.7373
402490,West,1,1,0,11110103,169.5707,27.6124,15.8548,149.2032,0,0.000087,0,4202.8848
402510,West,1,1,0,11110103,154.3391,27.0502,23.1258,139.5942,0,0.00001,0,4227.3576
402514,West,1,1,0,11110103,148.1956,27.7191,20.4372,142.1812,0,0.00267129,0,4256.9154
404770,West,1,1,0,-9999,144.5982,24.0455,29.5957,149.1363,0,0.00001,0,-9999
404770,West,1,1,0,-9999,144.5982,24.0455,29.5957,149.1363,0,0.00001,0,-9999
846428,West,1,1,0,11070107,251.9662,30.9446,21.6259,87.746,0,0.00192026,1,39.1545
7583075,West,1,1,0,11070206,244.7987,38.6,11.61,148.2,0,0.00125615,1,72.4023
7583125,West,1,1,0,11070206,309.7487,39.0511,21.9052,146.6358,0,0.00300269,1,108.8271
7583423,West,1,1,0,-9999,235.6825,34.4792,16.818,130.2791,0,0.00142076,1,-9999
7590261,West,1,1,0,11070207,253.1593,35.8728,20.2097,148.0035,3,0.00001,2,3738.325
7583433,West,1,1,0,11070206,260.5269,38.2388,21.2546,146.3404,0,0.00213515,1,239.6745
7590261,West,1,1,0,11070207,253.1593,35.8728,20.2097,148.0035,3,0.00001,2,3738.325
7583433,West,1,1,0,11070206,260.5269,38.2388,21.2546,146.3404,0,0.00213515,1,239.6745
7583433,West,1,1,0,11070206,260.5269,38.2388,21.2546,146.3404,0,0.00213515,1,239.6745
7583541,West,1,1,0,11070206,245.9733,39.08,22.04,146.46,0,0.00001,0,19.5282
7583579,West,1,1,0,-9999,240.1219,36.9115,20.7289,148.9454,0,0.00001,0,-9999
7583579,West,1,1,0,-9999,240.1219,36.9115,20.7289,148.9454,0,0.00001,0,-9999
7584565,West,1,1,0,11070206,246.5231,35.4577,15.5736,134.5345,0,0.00090782,1,86.3154
7590069,West,1,1,0,-9999,284.4695,37.4007,14.3737,120.9276,0,0.00135711,1,-9999
7590165,West,1,1,0,11070207,288.2784,37.5876,17.0615,149.1633,3,0.00277777,2,1217.234
7590195,West,1,1,0,11070207,261.6725,32.5083,17.723,131.9503,0,0.00064812,1,655.5888
7590227,West,1,1,0,11070207,261.4011,26.2095,22.7021,124.6001,4,0.00228571,2,3058.022
7590227,West,1,1,0,11070207,261.4011,26.2095,22.7021,124.6001,4,0.00228571,2,3058.022
402456,West,1,1,0,11110103,205.3931,29.53,34.09,107.59,0,0.00001,0,4103.2818
7583433,West,1,1,0,11070206,260.5269,38.2388,21.2546,146.3404,0,0.00213515,1,239.6745
21782646,West,1,1,0,-9999,265.3745,29.3256,18.2969,114.2307,0,0.00091687,3,-9999
21773113,West,1,1,0,11070209,221.1884,39.08,22.04,146.46,0,0.00001,0,328.0725
21781460,West,1,1,0,11070106,328.7604,37.48,9,82.95,0,0.00256195,3,115.8741
21781772,West,1,1,0,11070106,293.8856,33.9203,10.4776,118.1668,0,0.00098659,3,522.5796
21782018,West,1,1,0,11070106,276.9289,30.46,11.9553,152.4,0,0.00001,3,538.5798
21782032,West,1,1,0,11070106,290.6658,37.3416,9.489,83.6899,0,0.00248987,1,49.4496
21782032,West,1,1,0,11070106,290.6658,37.3416,9.489,83.6899,0,0.00248987,1,49.4496
21782198,West,1,1,0,11070106,324.0403,37.48,9,82.95,0,0.00352401,1,49.4001
21782198,West,1,1,0,11070106,324.0403,37.48,9,82.95,0,0.00352401,1,49.4001
21782362,West,1,1,0,11070106,263.473,31.0707,12.4756,145.5249,0,0.00109826,3,570.411
21782484,West,1,1,0,11070106,270.1461,31.7606,12.473,137.7587,0,0.0000826,3,669.5946
21782520,West,1,1,0,11070106,264.437,30.46,12.1214,152.4,0,0.00196103,3,670.2993
21781460,West,1,1,0,11070106,328.7604,37.48,9,82.95,0,0.00256195,3,115.8741
21782520,West,1,1,0,11070106,264.437,30.46,12.1214,152.4,0,0.00196103,3,670.2993
21781312,West,1,1,0,11070106,309.4846,35.0521,10.0314,106.9701,0,0.00229899,3,307.4679
21782748,West,1,1,0,11070106,296.6378,34.7026,10.0606,110.4277,0,0.00428886,3,129.4011
21782926,West,1,1,0,11070106,241.962,30.46,11.96,152.4,0,0.00364062,3,1123.341
21782926,West,1,1,0,11070106,241.962,30.46,11.96,152.4,0,0.00364062,3,1123.341
21783100,West,1,1,0,11070106,310.0733,36.4771,9.52,92.8714,0,0.00651547,1,24.1812
21783120,West,1,1,0,-9999,291.3863,37.1171,9.4717,86.5403,0,0.00349614,3,-9999
21783120,West,1,1,0,-9999,291.3863,37.1171,9.4717,86.5403,0,0.00349614,3,-9999
21783170,West,1,1,0,11070106,262.8245,29.3846,23.3707,74.537,0,0.00269361,1,31.527
21783170,West,1,1,0,11070106,262.8245,29.3846,23.3707,74.537,0,0.00269361,1,31.527
21783170,West,1,1,0,11070106,262.8245,29.3846,23.3707,74.537,0,0.00269361,1,31.527
21783170,West,1,1,0,11070106,262.8245,29.3846,23.3707,74.537,0,0.00269361,1,31.527
21783180,West,1,1,0,11070106,247.243,35.8589,13.8227,91.61,0,0.00441148,1,12.8421
21783180,West,1,1,0,11070106,247.243,35.8589,13.8227,91.61,0,0.00441148,1,12.8421
21782520,West,1,1,0,11070106,264.437,30.46,12.1214,152.4,0,0.00196103,3,670.2993
21773759,West,1,1,0,11070209,196.5529,30.7029,28.0826,119.3967,0,0.00214729,1,182.9628
20945204,West,1,1,0,11070104,309.224,30.617,11.595,151.6567,0,0.00167509,3,235.944
21773127,West,1,1,0,11070209,203.8632,34.5303,17.7735,145.8134,0,0.00579299,1,30006.07
21773127,West,1,1,0,11070209,203.8632,34.5303,17.7735,145.8134,0,0.00579299,1,30006.07
21773127,West,1,1,0,11070209,203.8632,34.5303,17.7735,145.8134,0,0.00579299,1,30006.07
21773127,West,1,1,0,11070209,203.8632,34.5303,17.7735,145.8134,0,0.00579299,1,30006.07
21773137,West,1,1,0,11070209,199.2945,31.0775,27.5421,119.1086,0,0.00001,3,30805.13
21773137,West,1,1,0,11070209,199.2945,31.0775,27.5421,119.1086,0,0.00001,3,30805.13
21773153,West,1,1,0,11070209,230.6131,29.5316,33.8875,107.5966,0,0.00103797,0,460.854
21773157,West,1,1,0,11070209,189.9661,29.53,34.09,107.59,0,0.00001,1,31094.48
21773215,West,1,1,0,11070209,178.9056,39.08,23.3415,146.46,0,0.00001,0,5.6628
21773651,West,1,1,0,11070209,249.8437,32.7688,29.478,120.8196,0,0.01290407,1,4.6989
21781460,West,1,1,0,11070106,328.7604,37.48,9,82.95,0,0.00256195,3,115.8741
21773755,West,1,1,0,11070209,194.4452,25.06,26.38,67.66,0,0.01132664,1,4.05
21784980,West,1,1,0,11070106,234.8478,31.9749,16.3838,112.5085,0,0.00122834,3,1848.997
21773759,West,1,1,0,11070209,196.5529,30.7029,28.0826,119.3967,0,0.00214729,1,182.9628
21773767,West,1,1,0,11070209,200.9698,32.2887,21.8526,135.3595,0,0.0026922,1,97.8696
21773767,West,1,1,0,11070209,200.9698,32.2887,21.8526,135.3595,0,0.0026922,1,97.8696
21773829,West,1,1,0,-9999,176.7732,32.88,19.3161,141.3116,0,0.00033557,0,-9999
21773829,West,1,1,0,-9999,176.7732,32.88,19.3161,141.3116,0,0.00033557,0,-9999
21773855,West,1,1,0,-9999,207.0139,29.53,34.09,107.59,0,0.0000277,0,-9999
21773877,West,1,1,0,11070209,158.2632,23.7407,33.9417,150.6099,0,0.00001,3,32534.45
21775927,West,1,1,0,-9999,223.9836,39.08,22.04,146.46,0,0.00001,0,-9999
21780734,West,1,1,0,11070106,339.2396,39.71,8.75,108.61,0,0.00131633,3,113.3622
21780766,West,1,1,0,11070106,331.2996,39.71,8.75,108.61,0,0.00261707,3,147.4974
21780802,West,1,1,0,11070106,359.1432,39.139,8.8209,102.0392,0,0.00417964,1,17.7561
21780852,West,1,1,0,11070106,325.7073,32.2345,10.9218,135.7847,0,0.00210241,3,168.795
21773659,West,1,1,0,11070209,237.8733,29.53,34.0453,107.59,0,0.010285,1,5.6862
21798557,West,1,1,0,-9999,219.1223,34.6423,16.5933,130.7713,0,0.00142789,1,-9999
21798557,West,1,1,0,-9999,219.1223,34.6423,16.5933,130.7713,0,0.00142789,1,-9999
21798557,West,1,1,0,-9999,219.1223,34.6423,16.5933,130.7713,0,0.00142789,1,-9999
21798557,West,1,1,0,-9999,219.1223,34.6423,16.5933,130.7713,0,0.00142789,1,-9999
21798561,West,1,1,0,11070103,220.9173,33.901,14.2531,99.6119,7,0.00126827,1,389.4876
21798561,West,1,1,0,11070103,220.9173,33.901,14.2531,99.6119,7,0.00126827,1,389.4876
21798561,West,1,1,0,11070103,220.9173,33.901,14.2531,99.6119,7,0.00126827,1,389.4876
21784964,West,1,1,0,11070106,291.1754,34.4917,13.2603,96.9534,0,0.0031032,1,109.6362
21797551,West,1,1,0,11070103,237.0766,35.2948,9.4726,149.8845,0,0.00038292,3,7350.736
401354,West,1,1,0,11110103,239.8284,29.53,33.7919,107.59,0,0.00420045,3,216.234
21795981,West,1,1,0,11070103,240.7354,34.8119,10.6196,145.1236,0,0.00031376,3,5458.994
21772989,West,1,1,0,11070209,242.9874,29.53,34.0807,107.59,0,0.01528577,2,9.3267
21784982,West,1,1,0,-9999,268.5167,28.05,25.7405,73.15,0,0.00278382,1,-9999
21785218,West,1,1,0,-9999,257.3175,29.2129,20.4939,113.0505,0,0.0000831,3,-9999
21785218,West,1,1,0,-9999,257.3175,29.2129,20.4939,113.0505,0,0.0000831,3,-9999
21785218,West,1,1,0,-9999,257.3175,29.2129,20.4939,113.0505,0,0.0000831,3,-9999
21785220,West,1,1,0,-9999,280.3995,32.1904,16.1593,97.71,0,0.00178522,3,-9999
21785220,West,1,1,0,-9999,280.3995,32.1904,16.1593,97.71,0,0.00178522,3,-9999
21785220,West,1,1,0,-9999,280.3995,32.1904,16.1593,97.71,0,0.00178522,3,-9999
21785228,West,1,1,0,11070106,262.2199,27.4456,28.8248,75.9989,0,0.00080117,2,141.6699
21785274,West,1,1,0,-9999,256.2314,28.0103,26.0945,73.2867,0,0.00057081,3,-9999
21795665,West,1,1,0,11070103,257.6616,32.6274,19.4983,110.2484,0,0.00247198,1,28.9845
21795797,West,1,1,0,11070103,235.9873,34.9103,11.9038,146.0942,0,0.00001,3,5409.653
21798185,West,1,1,0,11070103,227.4832,31.8862,19.1762,113.588,0,0.00128925,1,103.698
21795919,West,1,1,0,11070103,237.2153,34.292,12.5845,139.9987,0,0.00001,3,5454.784
21797615,West,1,1,0,-9999,231.3526,35.9015,10.8782,120.7928,0,0.00001,3,-9999
21795981,West,1,1,0,11070103,240.7354,34.8119,10.6196,145.1236,0,0.00031376,3,5458.994
21796071,West,1,1,0,11070103,249.4532,36.16,10.8784,112.15,0,0.00135982,1,122.2542
21796125,West,1,1,0,11070103,239.429,35.8925,9.6499,129.7985,0,0.00187789,3,189.0981
21796163,West,1,1,0,11070103,240.9015,35.8682,9.9796,128.7897,0,0.00001,2,200.331
21796397,West,1,1,0,11070103,233.0218,35.8096,10.0457,130.1072,0,0.00016559,3,233.0955
21796775,West,1,1,0,11070103,233.7039,36.2086,12.5648,96.5728,0,0.00044398,3,214.4205
21797075,West,1,1,0,11070103,233.7995,34.4626,13.613,141.6805,0,0.00001,1,178.7373
21797075,West,1,1,0,11070103,233.7995,34.4626,13.613,141.6805,0,0.00001,1,178.7373
21797123,West,1,1,0,11070103,224.5768,35.5625,8.0269,151.3302,4,0.0000741,2,7802.235
21797363,West,1,1,0,11070103,251.3332,36.16,10.98,112.15,0,0.00021512,1,51.9273
21797449,West,1,1,0,11070103,224.826,36.16,10.9121,112.15,0,0.00407894,3,8546.432
21784980,West,1,1,0,11070106,234.8478,31.9749,16.3838,112.5085,0,0.00122834,3,1848.997
21795855,West,1,1,0,11070103,234.7739,34.1024,12.4542,138.1292,0,0.00040152,3,5434.466
20988057,West,1,1,0,11060005,325.946,31.0772,15.0763,149.8868,0,0.0002297,3,1501.237
21773121,West,1,1,0,11070209,219.8575,38.0304,21.1735,146.7205,0,0.00001,0,29631.92
20984009,West,1,1,0,11060005,467.6992,18.1476,37.7836,140.36,0,0.00184162,2,352.4193
20984009,West,1,1,0,11060005,467.6992,18.1476,37.7836,140.36,0,0.00184162,2,352.4193
20985681,West,1,1,0,11060005,401.3649,11.7534,62.4202,152.3581,0,0.00127519,1,1269.297
20986073,West,1,1,0,11060005,363.1072,27.6822,16.6681,152.2314,0,0.00075968,1,1929.146
20987333,West,1,1,0,11060005,330.2598,28.6088,15.8497,152.4,0,0.00059417,2,2374.526
20987333,West,1,1,0,11060005,330.2598,28.6088,15.8497,152.4,0,0.00059417,2,2374.526
20987333,West,1,1,0,11060005,330.2598,28.6088,15.8497,152.4,0,0.00059417,2,2374.526
20987465,West,1,1,0,11060005,339.0154,30.7975,15.4703,147.5843,0,0.0001975,3,1138.591
20987715,West,1,1,0,-9999,346.6455,30.3918,15.002,152.4,0,0.0010649,2,-9999
20988049,West,1,1,0,11060005,337.5526,37.9815,10.4486,152.4,0,0.00001,2,2434.931
20969290,West,1,1,0,11060006,267.973,32.2008,13.9019,126.0089,0,0.00160348,1,74.1636
20988049,West,1,1,0,11060005,337.5526,37.9815,10.4486,152.4,0,0.00001,2,2434.931
20957836,West,1,1,0,11070101,309.2348,37.4689,9.2279,83.0093,0,0.00179042,1,10.5543
20988125,West,1,1,0,-9999,313.7887,30.9262,14.7743,152.4,0,0.00049927,1,-9999
20988125,West,1,1,0,-9999,313.7887,30.9262,14.7743,152.4,0,0.00049927,1,-9999
20988145,West,1,1,0,-9999,312.2277,34.7129,12.4381,152.4,0,0.00041265,2,-9999
20988145,West,1,1,0,-9999,312.2277,34.7129,12.4381,152.4,0,0.00041265,2,-9999
20988145,West,1,1,0,-9999,312.2277,34.7129,12.4381,152.4,0,0.00041265,2,-9999
20988145,West,1,1,0,-9999,312.2277,34.7129,12.4381,152.4,0,0.00041265,2,-9999
20988263,West,1,1,0,-9999,307.9665,35.3305,12.0379,152.4,0,0.0003153,2,-9999
20988263,West,1,1,0,-9999,307.9665,35.3305,12.0379,152.4,0,0.0003153,2,-9999
20988263,West,1,1,0,-9999,307.9665,35.3305,12.0379,152.4,0,0.0003153,2,-9999
20988263,West,1,1,0,-9999,307.9665,35.3305,12.0379,152.4,0,0.0003153,2,-9999
20988263,West,1,1,0,-9999,307.9665,35.3305,12.0379,152.4,0,0.0003153,2,-9999
20988263,West,1,1,0,-9999,307.9665,35.3305,12.0379,152.4,0,0.0003153,2,-9999
20988049,West,1,1,0,11060005,337.5526,37.9815,10.4486,152.4,0,0.00001,2,2434.931
20952692,West,1,1,0,11070101,348.3282,32.6247,11.5954,134.3334,0,0.0024792,3,102.8943
20945544,West,1,1,0,11070104,270.8748,31.7373,16.46,110.7543,7,0.00076957,3,117.8082
20945592,West,1,1,0,11070104,286.8244,31.5282,12.2906,140.3752,0,0.00030958,3,558.7119
20945608,West,1,1,0,11070104,283.8751,31.0593,11.854,146.4713,0,0.00147037,3,565.5699
20945608,West,1,1,0,11070104,283.8751,31.0593,11.854,146.4713,0,0.00147037,3,565.5699
20946116,West,1,1,0,11070104,312.9239,33.7378,10.7045,136.8828,0,0.00119256,1,69.9138
20952470,West,1,1,0,11070101,394.0738,37.48,9,82.95,3,0.00001,1,2.6901
20952470,West,1,1,0,11070101,394.0738,37.48,9,82.95,3,0.00001,1,2.6901
20952528,West,1,1,0,11070101,393.2571,37.48,9,82.95,0,0.00273856,3,93.267
20952528,West,1,1,0,11070101,393.2571,37.48,9,82.95,0,0.00273856,3,93.267
20952548,West,1,1,0,11070101,352.0395,37.48,9,82.95,0,0.00213411,3,171.6183
20981901,West,1,1,0,11060005,537.1116,17.1248,52.2801,152.4,0,0.0027525,1,47.0916
20952692,West,1,1,0,11070101,348.3282,32.6247,11.5954,134.3334,0,0.0024792,3,102.8943
20988321,West,1,1,0,11060005,321.0988,34.8196,12.3633,152.4,0,0.00192475,1,4390.616
20952782,West,1,1,0,11070101,360.5604,37.48,9,82.95,0,0.00114519,3,70.4358
20952902,West,1,1,0,-9999,319.9804,37.7396,9.2515,139.8147,0,0.00260945,3,-9999
20954508,West,1,1,0,11070101,276.1027,35.0993,10.361,145.6021,0,0.00054861,3,1906.571
20954724,West,1,1,0,-9999,265.0503,34.7495,11.2456,140.3259,0,0.00001,3,-9999
20954954,West,1,1,0,11070101,277.407,34.846,8.928,96.6541,0,0.00272023,1,22.3443
20955158,West,1,1,0,11070101,253.2048,38.4539,7.2759,147.0483,7,0.00170926,3,2730.985
20957240,West,1,1,0,11070101,314.8918,37.6295,8.9597,84.6705,0,0.00194936,1,138.4218
20957356,West,1,1,0,11070101,307.8868,37.1314,9.3249,86.6233,0,0.00073417,3,269.8938
20957356,West,1,1,0,11070101,307.8868,37.1314,9.3249,86.6233,0,0.00073417,3,269.8938
20957386,West,1,1,0,11070101,307.5835,33.2513,11.2304,127.5152,0,0.00120847,3,288.2763
20957510,West,1,1,0,-9999,286.84,30.89,12.7865,152.4,0,0.0000251,3,-9999
20957578,West,1,1,0,11070101,337.8063,39.71,8.75,108.61,0,0.0000167,1,59.904
20952692,West,1,1,0,11070101,348.3282,32.6247,11.5954,134.3334,0,0.0024792,3,102.8943
21772581,West,1,1,0,-9999,235.7931,37.7977,21.3733,148.215,0,0.00422328,3,-9999
21516224,West,1,1,0,-9999,338.8696,33.4529,11.1948,125.3903,0,0.0000567,1,-9999
21516224,West,1,1,0,-9999,338.8696,33.4529,11.1948,125.3903,0,0.0000567,1,-9999
21516482,West,1,1,0,11070102,288.7094,35.86,13.89,91.61,0,0.0014382,1,130.4082
21516482,West,1,1,0,11070102,288.7094,35.86,13.89,91.61,0,0.0014382,1,130.4082
21516482,West,1,1,0,11070102,288.7094,35.86,13.89,91.61,0,0.0014382,1,130.4082
21516562,West,1,1,0,11070102,280.7535,30.7877,13.4729,149.5441,7,0.00118596,3,1454.925
21516562,West,1,1,0,11070102,280.7535,30.7877,13.4729,149.5441,7,0.00118596,3,1454.925
21516604,West,1,1,0,11070102,278.5416,31.1257,13.4867,147.8042,0,0.00001,3,1612.668
21516968,West,1,1,0,11070102,312.4526,33.9725,11.2045,131.5094,0,0.00149221,3,845.6931
21517040,West,1,1,0,11070102,311.0522,33.7506,11.1764,132.3773,0,0.0011772,1,337.5954
21771121,West,1,1,0,11070209,298.8549,38.4343,21.7484,147.3438,0,0.0006231,3,423.6201
20988263,West,1,1,0,-9999,307.9665,35.3305,12.0379,152.4,0,0.0003153,2,-9999
21772581,West,1,1,0,-9999,235.7931,37.7977,21.3733,148.215,0,0.00422328,3,-9999
21516162,West,1,1,0,11070102,340.32,36.6794,10.0517,123.6566,0,0.00114046,3,154.8036
21772581,West,1,1,0,-9999,235.7931,37.7977,21.3733,148.215,0,0.00422328,3,-9999
21772643,West,1,1,0,-9999,189.792,-9999,-9999,-9999,0,0.00001,0,-9999
21772673,West,1,1,0,11070209,228.4612,35.788,18.9515,145.9922,0,0.00658783,1,19.5939
21772691,West,1,1,0,11070209,185.786,25.9651,25.5758,74.274,0,0.00080286,1,50.688
21772711,West,1,1,0,11070209,200.8587,29.53,34.09,107.59,0,0.0014123,1,471.4929
21772779,West,1,1,0,11070209,256.6673,37.8117,21.3803,148.1439,0,0.00558848,1,65.1222
21772795,West,1,1,0,11070209,255.0966,35.4993,19.7319,149.7998,0,0.00474883,1,65.7495
21772815,West,1,1,0,11070209,260.6273,34.9249,19.5961,149.5348,0,0.00374716,1,51.7023
21772917,West,1,1,0,-9999,187.6872,37.27,11.0715,148.0258,0,0.00053298,1,-9999
21772949,West,1,1,0,11070209,189.4267,31.8187,19.4436,111.9148,0,0.00082755,1,161.1261
21772951,West,1,1,0,11070209,199.7616,33.2171,17.0975,144.7047,0,0.00404307,1,39.4173
21772987,West,1,1,0,11070209,193.3703,27.0221,29.6421,85.1873,0,0.00688139,1,5.8149
21772037,West,1,1,0,11070209,234.9962,25.105,23.429,148.498,0,0.00001,0,956.4822
21515330,West,1,1,0,11070102,353.5848,36.1129,10.0466,106.4447,0,0.00257175,3,185.7357
20945230,West,1,1,0,11070104,305.0981,30.7106,11.4823,151.2136,0,0.00341186,3,233.8398
21002187,West,1,1,0,11060004,326.4845,33.503,14.4317,145.1913,0,0.00046617,1,196.8966
21002187,West,1,1,0,11060004,326.4845,33.503,14.4317,145.1913,0,0.00046617,1,196.8966
21165561,West,1,1,0,11030013,394.7189,16.4604,53.3179,152.4,0,0.00068196,1,101102.9
21513764,West,1,1,0,11070102,274.1881,31.9064,16.2594,113.8988,0,0.0005968,3,1682.143
21513922,West,1,1,0,11070102,260.7516,35.5536,7.8824,152.3933,0,0.00103387,1,4.9446
21513978,West,1,1,0,11070102,274.2883,34.7429,9.0065,88.4906,0,0.00515524,1,23.9922
21514004,West,1,1,0,-9999,263.1792,35.3206,8.2885,134.2375,0,0.00001,3,-9999
21515224,West,1,1,0,11070102,369.6075,35.3633,10.0509,105.2571,0,0.00036175,3,167.5962
21515224,West,1,1,0,11070102,369.6075,35.3633,10.0509,105.2571,0,0.00036175,3,167.5962
21515260,West,1,1,0,11070102,369.9751,36.5143,9.6346,93.1271,0,0.0025261,3,145.9125
21515260,West,1,1,0,11070102,369.9751,36.5143,9.6346,93.1271,0,0.0025261,3,145.9125
21516224,West,1,1,0,-9999,338.8696,33.4529,11.1948,125.3903,0,0.0000567,1,-9999
21515326,West,1,1,0,11070102,362.6405,34.8373,10.8257,132.3416,0,0.00231392,3,248.5368
21516168,West,1,1,0,11070102,330.6837,36.5241,10.1354,117.3504,0,0.00240116,3,251.8596
21515330,West,1,1,0,11070102,353.5848,36.1129,10.0466,106.4447,0,0.00257175,3,185.7357
21515330,West,1,1,0,11070102,353.5848,36.1129,10.0466,106.4447,0,0.00257175,3,185.7357
21515414,West,1,1,0,11070102,336.9787,32.9019,11.3653,132.1765,0,0.00144244,3,203.4378
21515434,West,1,1,0,11070102,335.0791,30.89,12.5701,152.4,0,0.00119464,3,289.8522
21515550,West,1,1,0,11070102,333.4508,33.458,11.4009,139.1354,0,0.00149198,3,550.0692
21515550,West,1,1,0,11070102,333.4508,33.458,11.4009,139.1354,0,0.00149198,3,550.0692
21515550,West,1,1,0,11070102,333.4508,33.458,11.4009,139.1354,0,0.00149198,3,550.0692
21515658,West,1,1,0,11070102,343.1916,34.2767,10.7661,119.921,0,0.00231768,3,209.4093
21515776,West,1,1,0,11070102,312.6652,38.1232,9.6095,116.4884,0,0.00001,3,819.6201
21515784,West,1,1,0,11070102,316.0271,35.3887,10.7854,130.0649,0,0.00172822,3,826.8876
21516162,West,1,1,0,11070102,340.32,36.6794,10.0517,123.6566,0,0.00114046,3,154.8036
20988297,West,1,1,0,11060005,317.7256,28.1456,16.3418,152.4,0,0.00001,2,3969.431
21515326,West,1,1,0,11070102,362.6405,34.8373,10.8257,132.3416,0,0.00231392,3,248.5368
400380,West,1,1,0,-9999,214.9032,36.483,22.7704,146.8069,3,0.00288461,2,-9999
